<?xml version="1.0"?>
<!DOCTYPE hibernate-mapping
    PUBLIC "-//Hibernate/Hibernate Mapping DTD//EN"
    "http://hibernate.sourceforge.net/hibernate-mapping-2.0.dtd">

<!--
  Copyright 2004-2006 University Corporation for Advanced Internet Development, Inc.
  Copyright 2004-2006 The University Of Chicago

  Licensed under the Apache License, Version 2.0 (the "License");
  you may not use this file except in compliance with the License.
  You may obtain a copy of the License at

    http://www.apache.org/licenses/LICENSE-2.0 

  Unless required by applicable law or agreed to in writing, software
  distributed under the License is distributed on an "AS IS" BASIS,
  WITHOUT WARRANTIES OR CONDITIONS OF ANY KIND, either express or implied.
  See the License for the specific language governing permissions and
  limitations under the License.
-->

<!-- $Id: Field.hbm.xml,v 1.3 2007/03/07 21:41:56 oster Exp $ -->

<hibernate-mapping package="edu.internet2.middleware.grouper">
  <class name="Field" table="grouper_fields">

    <meta attribute="class-description">
Schema specification for a Group attribute or list.
@author blair christensen.
    </meta>
    <meta attribute="implement-equals">true</meta>
    <meta attribute="session-method">HibernateHelper.getSession();</meta>

    <cache usage="read-write"/>

    <!-- id -->
    <id name="id" 
        type="string"
        unsaved-value="null"
        length="128"
    >
      <generator class="uuid.hex"/>
    </id>
    <!-- id -->


    <!-- group_type -->
    <many-to-one  name="group_type"
                  class="edu.internet2.middleware.grouper.GroupType"
    >
      <column name="group_type" 
              not-null="true"
      />
    </many-to-one>
    <!-- group_type -->

    <!-- field_type -->
    <property name="field_type"
              type="edu.internet2.middleware.grouper.FieldTypeUserType"
    >
      <column name="field_type"
              not-null="true"
              index="field_type_idx"
              length="32"
      />
    </property>
    <!-- field_type -->

    <!-- field_name -->
    <property name="field_name"
              type="string"
    >
      <column name="field_name"
              not-null="true"
              unique="true"
              length="32"
      />
    </property>
    <!-- field_name -->

    <!-- read_priv -->
    <property name="read_priv"
              type="edu.internet2.middleware.grouper.PrivilegeUserType"
    >
      <column name="read_priv"
              not-null="true"
              length="128"
      />
    </property>
    <!-- read_priv -->

    <!-- write_priv -->
    <property name="write_priv"
              type="edu.internet2.middleware.grouper.PrivilegeUserType"
    >
      <column name="write_priv"
              not-null="true"
              length="128"
      />
    </property>
    <!-- write_priv -->
  
    <!-- nullable -->
    <property name="nullable"
              type="boolean"
    >
    <column name="nullable" sql-type="boolean"/>
    </property>
    <!-- nullable -->

  </class>
</hibernate-mapping>
