<?xml version="1.0"?>
<!DOCTYPE hibernate-mapping
    PUBLIC "-//Hibernate/Hibernate Mapping DTD//EN"
    "http://hibernate.sourceforge.net/hibernate-mapping-2.0.dtd">

<!--
  Copyright 2004-2006 University Corporation for Advanced Internet Development, Inc.
  Copyright 2004-2006 The University Of Chicago

  Licensed under the Apache License, Version 2.0 (the "License");
  you may not use this file except in compliance with the License.
  You may obtain a copy of the License at

    http://www.apache.org/licenses/LICENSE-2.0 

  Unless required by applicable law or agreed to in writing, software
  distributed under the License is distributed on an "AS IS" BASIS,
  WITHOUT WARRANTIES OR CONDITIONS OF ANY KIND, either express or implied.
  See the License for the specific language governing permissions and
  limitations under the License.
-->

<!-- $Id: GroupType.hbm.xml,v 1.3 2007/03/07 21:41:56 oster Exp $ -->

<hibernate-mapping package="edu.internet2.middleware.grouper">
  <class name="GroupType" table="grouper_types" >

    <meta attribute="class-description">
Schema specification for a Group type.
@author blair christensen.
    </meta>
    <meta attribute="implement-equals">true</meta>
    <meta attribute="session-method">HibernateHelper.getSession();</meta>

    <cache usage="read-write"/>

    <!-- id -->
    <id name="id" 
        type="string"
        unsaved-value="null"
        length="128"
    >
      <generator class="uuid.hex"/>
    </id>
    <!-- id -->

    <!-- name -->
    <property name="name"
              type="string"
              not-null="true"
              unique="true"
    />
    <!-- name -->

    <!-- creator_id -->
    <many-to-one  name="creator_id"
                  class="edu.internet2.middleware.grouper.Member" 
    />
    <!-- creator_id -->

    <!-- create_time -->
    <property name="create_time"
              type="long"
              not-null="true"
              update="false"
    />
    <!-- create_time -->

    <!-- fields -->
    <set  name="fields"
          inverse="true"
          cascade="all-delete-orphan"
          order-by="field_name asc"
    >
      <key column="group_type"/>
      <one-to-many class="edu.internet2.middleware.grouper.Field" />
    </set>
    <!-- fields -->

    <!-- assignable -->
    <property
      name="assignable"
      type="boolean">
      <column name="assignable" sql-type="boolean"/>
    </property>
    <!-- assignable -->

    <!-- internal -->
    <property
      name="internal"
      type="boolean"
    >
    <column name="internal" sql-type="boolean"/>
    </property>

  </class>
</hibernate-mapping>