<?xml version="1.0"?>
<!DOCTYPE hibernate-mapping
    PUBLIC "-//Hibernate/Hibernate Mapping DTD//EN"
    "http://hibernate.sourceforge.net/hibernate-mapping-2.0.dtd">

<!--
  Copyright 2004-2006 University Corporation for Advanced Internet Development, Inc.
  Copyright 2004-2006 The University Of Chicago

  Licensed under the Apache License, Version 2.0 (the "License");
  you may not use this file except in compliance with the License.
  You may obtain a copy of the License at

    http://www.apache.org/licenses/LICENSE-2.0 

  Unless required by applicable law or agreed to in writing, software
  distributed under the License is distributed on an "AS IS" BASIS,
  WITHOUT WARRANTIES OR CONDITIONS OF ANY KIND, either express or implied.
  See the License for the specific language governing permissions and
  limitations under the License.
-->

<!-- $Id: Owner.hbm.xml,v 1.13 2006/09/27 17:50:03 blair Exp $ -->

<hibernate-mapping package="edu.internet2.middleware.grouper">
  <class name="Owner" table="grouper_owners">

    <meta attribute="class-description">
An owner within the Groups Registry.
@author blair christensen.
    </meta>
    <meta attribute="implement-equals">true</meta>
    <meta attribute="session-method">HibernateHelper.getSession();</meta>

    <cache usage="read-write"/>

    <!-- id -->
    <id name="id" 
        type="string" 
        unsaved-value="null"
        length="128"
    >
      <generator class="uuid.hex"/>
    </id>
    <!-- id -->

    <!-- creator_id -->
    <many-to-one  name="creator_id"
                  class="edu.internet2.middleware.grouper.Member" 
    >
      <column name="creator_id"
              not-null="true"
              index="owner_creator_idx"
      />
    </many-to-one>
    <!-- creator_id -->

    <!-- create_source -->
    <property name="create_source"
              type="string"
    />
    <!-- create_source -->

    <!-- create_time -->
    <property name="create_time"
              type="long"
              update="true" 
    >
      <column name="create_time"
              not-null="true"
              index="owner_createtime_idx" 
      />
    </property>
    <!-- create_time -->

    <!-- modifier_id -->
    <many-to-one  name="modifier_id"
                  class="edu.internet2.middleware.grouper.Member" 
                  cascade="none"
    >
      <column name="modifier_id"
              index="owner_modifier_idx"
      />
    </many-to-one>
    <!-- modifier_id -->

    <!-- modify_source -->
    <property name="modify_source"
              type="string"
    />
    <!-- modify_source -->

    <!-- modify_time -->
    <property name="modify_time"
              type="long"
    >
      <column name="modify_time"
              index="owner_modifytime_idx" 
      />
    </property>
    <!-- modify_time -->

    <!-- uuid -->
    <property name="uuid"
              type="string"
              unique="true"
    >
      <column name="uuid"
              length="128"
              index="owner_uuid_idx"
              not-null="true"
      />
    </property>
    <!-- uuid -->


    <joined-subclass  name="Stem" table="grouper_stems">
      <key column="owner_id"/>

      <!-- child_groups -->
      <set  
        name="child_groups"
        table="grouper_groups"
        cascade="none"
        inverse="true"
        lazy="true"
        batch-size="10"
      >
        <key column="parent_stem"/>
        <one-to-many class="edu.internet2.middleware.grouper.Group" />
      </set>
      <!-- child_groups -->

      <!-- child_stems -->
      <set  
        name="child_stems"
        table="grouper_stems"
        cascade="none"
        inverse="true"
        lazy="true"
        batch-size="10"
      >
        <key column="parent_stem"/>
        <one-to-many class="edu.internet2.middleware.grouper.Stem" />
      </set>
      <!-- child_stems -->

      <!-- description -->
      <property 
        name="stem_description"
        type="string"
        length="1024"
      >
        <column name="description"/>
      </property>
      <!-- description -->

      <!-- display_extension -->
      <property name="display_extension"
                type="string"
      >
        <column name="display_extension"
                index="stem_displayextn_idx"
                not-null="true"
        />
      </property>
      <!-- display_extension -->

      <!-- display_name -->
      <property name="display_name"
                type="string"
      >
        <column name="display_name"
                index="stem_displayname_idx"
                not-null="true"
        />
      </property>
      <!-- display_name -->

      <!-- extension -->
      <property name="stem_extension"
                type="string"
      >
        <column name="extension"
                not-null="true"
                index="stem_extn_idx"
        />
      </property>
      <!-- extension -->

      <!-- name -->
      <property
        name="stem_name"
        type="string"
      >
        <column name="name"
                not-null="true"
                index="stem_name_idx"
        />
      </property>
      <!-- name -->

      <!-- parent_stem -->
      <many-to-one
        name="parent_stem"
        class="edu.internet2.middleware.grouper.Stem"
        cascade="none"
      />
      <!-- parent_stem -->
    </joined-subclass>

    <joined-subclass  name="Group" table="grouper_groups">
      <key column="owner_id"/>

      <!-- attributes -->
      <!-- TODO 20060927 Try using `all-delete-orphan` -->
      <set  name="group_attributes"
            cascade="all"
      >
        <key column="group_id"/>
        <one-to-many class="edu.internet2.middleware.grouper.Attribute"
/>
      </set>
      <!-- attributes -->

      <!-- parent_stem -->
      <many-to-one  name="parent_stem"
                    class="edu.internet2.middleware.grouper.Stem"
                    cascade="none"
      />
      <!-- parent_stem -->

      <!-- group_types -->
      <set  name="group_types"
            table="grouper_groups_types"
            cascade="none"
      >
        <key column="group_id"/>
        <many-to-many class="edu.internet2.middleware.grouper.GroupType"
                      column="type_id"
        />
      </set>
      <!-- group_types -->
    </joined-subclass>

    <joined-subclass  name="Composite" table="grouper_composites">
      <key column="owner_id"/>

      <!-- owner -->
      <many-to-one  name="owner"
                    class="edu.internet2.middleware.grouper.Owner"
                    cascade="none"
      >
        <column name="owner"
                not-null="true"
                index="composite_owner_idx"
        />
      </many-to-one>
      <!-- owner -->

      <!-- left -->
      <many-to-one  name="left"
                    class="edu.internet2.middleware.grouper.Owner"
                    cascade="none"
      >
        <column name="left_factor"
                not-null="true"
                index="composite_factor_idx"
        />
      </many-to-one>
      <!-- left -->

      <!-- right -->
      <many-to-one  name="right"
                    class="edu.internet2.middleware.grouper.Owner"
                    cascade="none"
      >
        <column name="right_factor"
                not-null="true"
                index="composite_factor_idx"
        />
      </many-to-one>
      <!-- right -->

      <!-- type -->
      <property name="type"
                type="edu.internet2.middleware.grouper.CompositeTypeUserType"
                not-null="true"
                length="32"
      />
      <!-- type -->

    </joined-subclass>

  </class>
</hibernate-mapping>

