<?xml version="1.0" encoding="UTF-8"?>
<registry>
  <metadata>
    <groupTypesMetaData>

      <groupTypeDef name='base'>

       <field name='admins'
               required='false'
               type='access'
               readPriv='admin'
               writePriv='admin'/>

       <field name='description'
               required='false'
               type='attribute'
               readPriv='read'
               writePriv='admin'/>

       <field name='displayExtension'
               required='true'
               type='attribute'
               readPriv='view'
               writePriv='admin'/>

       <field name='displayName'
               required='true'
               type='attribute'
               readPriv='view'
               writePriv='system'/>

       <field name='extension'
               required='true'
               type='attribute'
               readPriv='view'
               writePriv='admin'/>

       <field name='members'
               required='false'
               type='list'
               readPriv='read'
               writePriv='update'/>

       <field name='name'
               required='true'
               type='attribute'
               readPriv='view'
               writePriv='system'/>

       <field name='optins'
               required='false'
               type='access'
               readPriv='update'
               writePriv='update'/>

       <field name='optouts'
               required='false'
               type='access'
               readPriv='update'
               writePriv='update'/>

       <field name='readers'
               required='false'
               type='access'
               readPriv='admin'
               writePriv='admin'/>

       <field name='updaters'
               required='false'
               type='access'
               readPriv='admin'
               writePriv='admin'/>

       <field name='viewers'
               required='false'
               type='access'
               readPriv='admin'
               writePriv='admin'/>

      </groupTypeDef>
      </groupTypesMetaData>


    <subjectSourceMetaData>

      <source id='g:gsa'
              name='Grouper: Group Source Adapter'
              class='edu.internet2.middleware.grouper.GrouperSourceAdapter'>
        <subjectType name='group'/>
      </source>

      <source id='g:isa'
              name='Grouper: Internal Source Adapter'
              class='edu.internet2.middleware.grouper.InternalSourceAdapter'>
        <subjectType name='application'/>
      </source>

      <source id='jdbc'
              name='JDBC Source Adapter'
              class='edu.internet2.middleware.subject.provider.JDBCSourceAdapter'>
        <subjectType name='person'/>
      </source>

    </subjectSourceMetaData>

  </metadata>
  <data>

      <!--i2-->
      <stem extension='i2'
            displayExtension='internet2'
            name='i2'
            displayName='internet2'
            id='0f530e0d-5b9e-4dd5-9604-700c579ca921'>
        <description></description>

      <internalAttributes>
        <internalAttribute name='parentStem'></internalAttribute>
        <internalAttribute name='createSource'></internalAttribute>
        <internalAttribute name='createSubject'>
          <subject id='GrouperSystem' type='application' source='g:isa'/>
        </internalAttribute>
        <internalAttribute name='createTime'>1159380679185</internalAttribute> <!-- Wed Sep 27 13:11:19 CDT 2006 -->
        <internalAttribute name='modifySource'></internalAttribute>
        <internalAttribute name='modifySubject'>
          <subject id='GrouperSystem' type='application' source='g:isa'/>
        </internalAttribute>
        <internalAttribute name='modifyTime'>1159380679188</internalAttribute> <!-- Wed Sep 27 13:11:19 CDT 2006 -->
      </internalAttributes>


        <!--i2:a-->
        <stem extension='a'
              displayExtension='stem a'
              name='i2:a'
              displayName='internet2:stem a'
              id='2db8a949-3a64-4054-bbec-170de51c71ef'>
          <description></description>

        <internalAttributes>
          <internalAttribute name='parentStem'>i2</internalAttribute>
          <internalAttribute name='createSource'></internalAttribute>
          <internalAttribute name='createSubject'>
            <subject id='GrouperSystem' type='application' source='g:isa'/>
          </internalAttribute>
          <internalAttribute name='createTime'>1159380678284</internalAttribute> <!-- Wed Sep 27 13:11:18 CDT 2006 -->
          <internalAttribute name='modifySource'></internalAttribute>
          <internalAttribute name='modifySubject'>
            <subject id='GrouperSystem' type='application' source='g:isa'/>
          </internalAttribute>
          <internalAttribute name='modifyTime'>1159380679277</internalAttribute> <!-- Wed Sep 27 13:11:19 CDT 2006 -->
        </internalAttributes>


          <!--i2:a:b-->
          <group extension='b'
                 displayExtension='group b'
                name='i2:a:b'
                displayName='internet2:stem a:group b'
                id='38366773-5085-47c5-b755-d38547ee990e'>
            <description></description>

            <internalAttributes>
              <internalAttribute name='parentStem'>i2:a</internalAttribute>
              <internalAttribute name='createSource'></internalAttribute>
              <internalAttribute name='createSubject'>
                <subject id='GrouperSystem' type='application' source='g:isa'/>
              </internalAttribute>
              <internalAttribute name='createTime'>1159380678400</internalAttribute> <!-- Wed Sep 27 13:11:18 CDT 2006 -->
              <internalAttribute name='modifySource'></internalAttribute>
              <internalAttribute name='modifySubject'>
                <subject id='GrouperSystem' type='application' source='g:isa'/>
              </internalAttribute>
              <internalAttribute name='modifyTime'>1159380679495</internalAttribute> <!-- Wed Sep 27 13:11:19 CDT 2006 -->
            </internalAttributes>


            <list field='members'  groupType='base'>
              <subject id='b' type='person' source='jdbc' immediate='true' />
            </list> <!--/field=members-->

          <privileges type='read'>
            <subject id='GrouperAll' type='application' source='g:isa' immediate='true' />
          </privileges> <!--/privilege=read-->

          <privileges type='view'>
            <subject id='GrouperAll' type='application' source='g:isa' immediate='true' />
          </privileges> <!--/privilege=view-->

          </group>
          <!--/i2:a:b-->


          <!--i2:a:a-->
          <group extension='a'
                 displayExtension='group a'
                name='i2:a:a'
                displayName='internet2:stem a:group a'
                id='5567b826-d3e4-4d85-a921-5e43209d2109'>
            <description></description>

            <internalAttributes>
              <internalAttribute name='parentStem'>i2:a</internalAttribute>
              <internalAttribute name='createSource'></internalAttribute>
              <internalAttribute name='createSubject'>
                <subject id='GrouperSystem' type='application' source='g:isa'/>
              </internalAttribute>
              <internalAttribute name='createTime'>1159380678309</internalAttribute> <!-- Wed Sep 27 13:11:18 CDT 2006 -->
              <internalAttribute name='modifySource'></internalAttribute>
              <internalAttribute name='modifySubject'>
                <subject id='GrouperSystem' type='application' source='g:isa'/>
              </internalAttribute>
              <internalAttribute name='modifyTime'>1159380679514</internalAttribute> <!-- Wed Sep 27 13:11:19 CDT 2006 -->
            </internalAttributes>


            <list field='members'  groupType='base'>
              <subject id='a' type='person' source='jdbc' immediate='true' />
            </list> <!--/field=members-->

          <privileges type='read'>
            <subject id='GrouperAll' type='application' source='g:isa' immediate='true' />
          </privileges> <!--/privilege=read-->

          <privileges type='view'>
            <subject id='GrouperAll' type='application' source='g:isa' immediate='true' />
          </privileges> <!--/privilege=view-->

          </group>
          <!--/i2:a:a-->

        </stem>
        <!--/i2:a-->


        <!--i2:b-->
        <stem extension='b'
              displayExtension='stem b'
              name='i2:b'
              displayName='internet2:stem b'
              id='2dd0452d-4c46-410a-b86b-338acf16cf2f'>
          <description></description>

        <internalAttributes>
          <internalAttribute name='parentStem'>i2</internalAttribute>
          <internalAttribute name='createSource'></internalAttribute>
          <internalAttribute name='createSubject'>
            <subject id='GrouperSystem' type='application' source='g:isa'/>
          </internalAttribute>
          <internalAttribute name='createTime'>1159380678461</internalAttribute> <!-- Wed Sep 27 13:11:18 CDT 2006 -->
          <internalAttribute name='modifySource'></internalAttribute>
          <internalAttribute name='modifySubject'>
            <subject id='GrouperSystem' type='application' source='g:isa'/>
          </internalAttribute>
          <internalAttribute name='modifyTime'>1159380679387</internalAttribute> <!-- Wed Sep 27 13:11:19 CDT 2006 -->
        </internalAttributes>


          <!--i2:b:a-->
          <group extension='a'
                 displayExtension='group a'
                name='i2:b:a'
                displayName='internet2:stem b:group a'
                id='a01766fa-2a2e-43f9-9981-fdd3215fe675'>
            <description></description>

            <internalAttributes>
              <internalAttribute name='parentStem'>i2:b</internalAttribute>
              <internalAttribute name='createSource'></internalAttribute>
              <internalAttribute name='createSubject'>
                <subject id='GrouperSystem' type='application' source='g:isa'/>
              </internalAttribute>
              <internalAttribute name='createTime'>1159380678485</internalAttribute> <!-- Wed Sep 27 13:11:18 CDT 2006 -->
              <internalAttribute name='modifySource'></internalAttribute>
              <internalAttribute name='modifySubject'>
                <subject id='GrouperSystem' type='application' source='g:isa'/>
              </internalAttribute>
              <internalAttribute name='modifyTime'>1159380679545</internalAttribute> <!-- Wed Sep 27 13:11:19 CDT 2006 -->
            </internalAttributes>


            <list field='members'  groupType='base'>
              <subject identifier='i2:a:a' type='group' source='g:gsa' immediate='true'  id='5567b826-d3e4-4d85-a921-5e43209d2109'/>
            </list> <!--/field=members-->

          <privileges type='read'>
            <subject id='GrouperAll' type='application' source='g:isa' immediate='true' />
          </privileges> <!--/privilege=read-->

          <privileges type='view'>
            <subject id='GrouperAll' type='application' source='g:isa' immediate='true' />
          </privileges> <!--/privilege=view-->

          </group>
          <!--/i2:b:a-->


          <!--i2:b:b-->
          <group extension='b'
                 displayExtension='group b'
                name='i2:b:b'
                displayName='internet2:stem b:group b'
                id='b02dd112-4553-43c4-9a09-91f86b563038'>
            <description></description>

            <internalAttributes>
              <internalAttribute name='parentStem'>i2:b</internalAttribute>
              <internalAttribute name='createSource'></internalAttribute>
              <internalAttribute name='createSubject'>
                <subject id='GrouperSystem' type='application' source='g:isa'/>
              </internalAttribute>
              <internalAttribute name='createTime'>1159380678532</internalAttribute> <!-- Wed Sep 27 13:11:18 CDT 2006 -->
              <internalAttribute name='modifySource'></internalAttribute>
              <internalAttribute name='modifySubject'>
                <subject id='GrouperSystem' type='application' source='g:isa'/>
              </internalAttribute>
              <internalAttribute name='modifyTime'>1159380679571</internalAttribute> <!-- Wed Sep 27 13:11:19 CDT 2006 -->
            </internalAttributes>


            <list field='members'  groupType='base'>
              <composite>
                <groupRef id='5567b826-d3e4-4d85-a921-5e43209d2109'
                        name='i2:a:a'
                 displayName='internet2:stem a:group a'/>

                <compositeType>union</compositeType>

                <groupRef id='38366773-5085-47c5-b755-d38547ee990e'
                        name='i2:a:b'
                 displayName='internet2:stem a:group b'/>
              </composite>
            </list> <!--/field=members-->

          <privileges type='read'>
            <subject id='GrouperAll' type='application' source='g:isa' immediate='true' />
          </privileges> <!--/privilege=read-->

          <privileges type='view'>
            <subject id='GrouperAll' type='application' source='g:isa' immediate='true' />
          </privileges> <!--/privilege=view-->

          </group>
          <!--/i2:b:b-->

        </stem>
        <!--/i2:b-->

      </stem>
      <!--/i2-->

  </data>
  <exportParams>
    <node type='stem'></node>
    <relative>true</relative>
    <includeParent>false</includeParent>
  </exportParams>

  <exportInfo>
    <start>Wed Sep 27 13:13:08 CDT 2006</start>
    <end>Wed Sep 27 13:13:09 CDT 2006</end>
    <duration>0</duration>
    <options>
      <option key='export.data'>true</option>
      <option key='export.group.custom-attributes'>true</option>
      <option key='export.group.internal-attributes'>true</option>
      <option key='export.group.lists'>true</option>
      <option key='export.group.lists.immediate-only'>true</option>
      <option key='export.group.members'>true</option>
      <option key='export.group.members.immediate-only'>true</option>
      <option key='export.metadata'>true</option>
      <option key='export.privs.access'>true</option>
      <option key='export.privs.for-parents'>false</option>
      <option key='export.privs.immediate-only'>false</option>
      <option key='export.privs.naming'>true</option>
      <option key='export.stem.internal-attributes'>true</option>
    </options>
  </exportInfo>
</registry>
