adams,person,John Adams,jadams
bartlett,person,Joshiah Bartlett
braxton,person
carroll,person
chase,person
clark,person
clymer,person,George Clymer,gclymer
ellery,person
franklin,person
gerry,person
gwinnett,person
hall,person
harrison,person
hart,person
hewes,person
heyward,person
hooper,person
hopkins,person
hopkinson,person
huntington,person
jefferson,person
lee,person
lewis,person
livingston,person
lynch,person
middleton.,person
morris,person
morton,person
nelson,person
paca,person
paine,person
penn,person
read,person,George Read,gread
rloyd,person
rodneyr,person
ross,person
rush,person
rutledge,person
sherman,person
smith,person
stockton,person
stone,person
taylor,person
thornton,person
walton,person
whipple,person
williams,person
wilson,person
witherspoon,person
wolcott,person
wythe,person
