<ehcache>

  <!-- Sets the path to the directory where cache .data files are created. -->
  <diskStore path="java.io.tmpdir"/>


  <!--
    Default Cache configuration. These will applied to caches
    programmatically created through the CacheManager.

    The following attributes are required for defaultCache:

    maxInMemory       - Sets the maximum number of objects that
                        will be created in memory
    eternal           - Sets whether elements are eternal. If
                        eternal,  timeouts are ignored and the
                        element is never expired.
    timeToIdleSeconds - Sets the time to idle for an element
                        before it expires. Is only used if the
                        element is not eternal.  Idle time is now -
                        last accessed time
    timeToLiveSeconds - Sets the time to live for an element
                        before it expires. Is only used if the
                        element is not eternal.  TTL is now -
                        creation time
    overflowToDisk    - Sets whether elements can overflow to
                        disk when the in-memory cache has reached
                        the maxInMemory limit.
  -->
  <defaultCache
    maxElementsInMemory="1000"
    eternal="false"
    timeToIdleSeconds="10"
    timeToLiveSeconds="20"
    overflowToDisk="true"
  />

  <!--
    Predefined caches.  Add your cache configuration settings here.
    If you do not have a configuration for your cache a WARNING
    will be issued when the CacheManager starts
  -->

<!--
  Grouper Caches
-->

  <!-- Group Attributes-->
  <cache  name="edu.internet2.middleware.grouper.Attribute"
          maxElementsInMemory="1000"
          eternal="false"
          timeToIdleSeconds="10"
          timeToLiveSeconds="20"
          overflowToDisk="false"  
  />
  <!-- Group Attributes -->

  <!-- Factors-->
  <cache  name="edu.internet2.middleware.grouper.Factor"
          maxElementsInMemory="25"
          eternal="false"
          timeToIdleSeconds="10"
          timeToLiveSeconds="20"
          overflowToDisk="false"  
  />
  <!-- Factor -->

  <!-- Group Field Definitions -->
  <cache  name="edu.internet2.middleware.grouper.Field"
          maxElementsInMemory="25"
          eternal="false"
          timeToIdleSeconds="10"
          timeToLiveSeconds="20"
          overflowToDisk="false"  
  />
  <!-- Group Field Definitions -->

  <!-- Groups -->
  <cache  name="edu.internet2.middleware.grouper.Group"
          maxElementsInMemory="1000"
          eternal="false"
          timeToIdleSeconds="10"
          timeToLiveSeconds="20"
          overflowToDisk="false"  
  />
  <!-- Groups -->

  <!-- Group Type Definitions -->
  <cache  name="edu.internet2.middleware.grouper.GroupType"
          maxElementsInMemory="25"
          eternal="false"
          timeToIdleSeconds="10"
          timeToLiveSeconds="20"
          overflowToDisk="false"  
  />
  <!-- Group Type Definitions -->

  <!-- Grouper Sessions -->
  <cache  name="edu.internet2.middleware.grouper.GrouperSession"
          maxElementsInMemory="100"
          eternal="false"
          timeToIdleSeconds="10"
          timeToLiveSeconds="20"
          overflowToDisk="false"  
  />
  <!-- Grouper Sessions -->

  <!-- Hibernate Subjects -->
  <cache  name="edu.internet2.middleware.grouper.HibernateSubject"
          maxElementsInMemory="100"
          eternal="false"
          timeToIdleSeconds="10"
          timeToLiveSeconds="20"
          overflowToDisk="false"  
  />
  <!-- Hibernate Subjects -->

  <!-- Hibernate Subject Attributess -->
  <cache name="edu.internet2.middleware.grouper.HibernateSubjectAttribute"
          maxElementsInMemory="100"
          eternal="false"
          timeToIdleSeconds="10"
          timeToLiveSeconds="20"
          overflowToDisk="false"  
  />
  <!-- Hibernate Subject Attributes -->

  <!-- Members -->
  <cache  name="edu.internet2.middleware.grouper.Member"
          maxElementsInMemory="1000"
          eternal="false"
          timeToIdleSeconds="10"
          timeToLiveSeconds="20"
          overflowToDisk="false"  
  />
  <!-- Members -->

  <!-- Memberships-->
  <cache  name="edu.internet2.middleware.grouper.Membership"
          maxElementsInMemory="5000"
          eternal="false"
          timeToIdleSeconds="10"
          timeToLiveSeconds="20"
          overflowToDisk="false"  
  />
  <!-- Memberships -->

  <!-- Stems-->
  <cache  name="edu.internet2.middleware.grouper.Stem"
          maxElementsInMemory="1000"
          eternal="false"
          timeToIdleSeconds="10"
          timeToLiveSeconds="20"
          overflowToDisk="false"  
  />
  <!-- Stems -->

  <!-- Queries -->

  <cache  name="edu.internet2.middleware.grouper.CompositeFinder.IsFactor"
          maxElementsInMemory="100"
          eternal="false"
          timeToIdleSeconds="10"
          timeToLiveSeconds="20"
          overflowToDisk="false"
  />
        
  <cache  name="edu.internet2.middleware.grouper.CompositeFinder.IsOwner"
          maxElementsInMemory="100"
          eternal="false"
          timeToIdleSeconds="10"
          timeToLiveSeconds="20"
          overflowToDisk="false"
  />
        
  <cache  name="edu.internet2.middleware.grouper.FieldFinder.FindAll"
          maxElementsInMemory="100"
          eternal="false"
          timeToIdleSeconds="10"
          timeToLiveSeconds="20"
          overflowToDisk="false"
  />
        
  <cache  name="edu.internet2.middleware.grouper.FieldFinder.FindAllByType"
          maxElementsInMemory="100"
          eternal="false"
          timeToIdleSeconds="10"
          timeToLiveSeconds="20"
          overflowToDisk="false"
  />
        
  <cache  name="edu.internet2.middleware.grouper.GroupFinder.FindByApproximateAttr"
          maxElementsInMemory="1000"
          eternal="false"
          timeToIdleSeconds="10"
          timeToLiveSeconds="20"
          overflowToDisk="false"
  />
        
  <cache  name="edu.internet2.middleware.grouper.GroupFinder.FindByApproximateName"
          maxElementsInMemory="1000"
          eternal="false"
          timeToIdleSeconds="10"
          timeToLiveSeconds="20"
          overflowToDisk="false"
  />
        
  <cache  name="edu.internet2.middleware.grouper.GroupFinder.FindByAnyApproximateAttr"
          maxElementsInMemory="1000"
          eternal="false"
          timeToIdleSeconds="10"
          timeToLiveSeconds="20"
          overflowToDisk="false"
  />
        
  <cache  name="edu.internet2.middleware.grouper.GroupFinder.FindByCreatedAfter"
          maxElementsInMemory="1000"
          eternal="false"
          timeToIdleSeconds="10"
          timeToLiveSeconds="20"
          overflowToDisk="false"
  />
        
  <cache  name="edu.internet2.middleware.grouper.GroupFinder.FindByCreatedBefore"
          maxElementsInMemory="1000"
          eternal="false"
          timeToIdleSeconds="10"
          timeToLiveSeconds="20"
          overflowToDisk="false"
  />
        
  <cache  name="edu.internet2.middleware.grouper.GroupFinder.FindByModifiedAfter"
          maxElementsInMemory="1000"
          eternal="false"
          timeToIdleSeconds="10"
          timeToLiveSeconds="20"
          overflowToDisk="false"
  />
        
  <cache  name="edu.internet2.middleware.grouper.GroupFinder.FindByModifiedBefore"
          maxElementsInMemory="1000"
          eternal="false"
          timeToIdleSeconds="10"
          timeToLiveSeconds="20"
          overflowToDisk="false"
  />
        
  <cache  name="edu.internet2.middleware.grouper.GroupFinder.FindByName"
          maxElementsInMemory="1000"
          eternal="false"
          timeToIdleSeconds="10"
          timeToLiveSeconds="20"
          overflowToDisk="false"
  />
        
  <cache  name="edu.internet2.middleware.grouper.GroupFinder.FindByUuid"
          maxElementsInMemory="1000"
          eternal="false"
          timeToIdleSeconds="10"
          timeToLiveSeconds="20"
          overflowToDisk="false"
  />
        
  <cache  name="edu.internet2.middleware.grouper.GroupTypeFinder.FindAll"
          maxElementsInMemory="1000"
          eternal="false"
          timeToIdleSeconds="10"
          timeToLiveSeconds="20"
          overflowToDisk="false"
  />
        
  <cache  name="edu.internet2.middleware.grouper.MemberFinder.FindBySubject"
          maxElementsInMemory="1000"
          eternal="false"
          timeToIdleSeconds="10"
          timeToLiveSeconds="20"
          overflowToDisk="false"
  />
        
  <cache  name="edu.internet2.middleware.grouper.MemberFinder.FindByUuid"
          maxElementsInMemory="1000"
          eternal="false"
          timeToIdleSeconds="10"
          timeToLiveSeconds="20"
          overflowToDisk="false"
  />
       
  <cache  name="edu.internet2.middleware.grouper.MembershipFinder.FindAllMemberships"
          maxElementsInMemory="1000"
          eternal="false"
          timeToIdleSeconds="10"
          timeToLiveSeconds="20"
          overflowToDisk="false"
  />
       
  <cache  name="edu.internet2.middleware.grouper.MembershipFinder.FindByUuid"
          maxElementsInMemory="1000"
          eternal="false"
          timeToIdleSeconds="10"
          timeToLiveSeconds="20"
          overflowToDisk="false"
  />
       
  <cache  name="edu.internet2.middleware.grouper.MembershipFinder.FindByCreatedAfter"
          maxElementsInMemory="1000"
          eternal="false"
          timeToIdleSeconds="10"
          timeToLiveSeconds="20"
          overflowToDisk="false"
  />
        
  <cache  name="edu.internet2.middleware.grouper.MembershipFinder.FindByCreatedBefore"
          maxElementsInMemory="1000"
          eternal="false"
          timeToIdleSeconds="10"
          timeToLiveSeconds="20"
          overflowToDisk="false"
  />
        
  <cache  name="edu.internet2.middleware.grouper.MembershipFinder.FindChildMemberships"
          maxElementsInMemory="1000"
          eternal="false"
          timeToIdleSeconds="10"
          timeToLiveSeconds="20"
          overflowToDisk="false"
  />
       
  <cache  name="edu.internet2.middleware.grouper.MembershipFinder.FindEffectiveMemberships"
          maxElementsInMemory="1000"
          eternal="false"
          timeToIdleSeconds="10"
          timeToLiveSeconds="20"
          overflowToDisk="false"
  />
       
  <cache  name="edu.internet2.middleware.grouper.MembershipFinder.FindEffectiveMembershipsMember"
          maxElementsInMemory="1000"
          eternal="false"
          timeToIdleSeconds="10"
          timeToLiveSeconds="20"
          overflowToDisk="false"
  />
       
  <cache  name="edu.internet2.middleware.grouper.MembershipFinder.FindEffectiveMembershipsOwnerMember"
          maxElementsInMemory="1000"
          eternal="false"
          timeToIdleSeconds="10"
          timeToLiveSeconds="20"
          overflowToDisk="false"
  />
      
  <cache  name="edu.internet2.middleware.grouper.MembershipFinder.FindImmediateMembershipsMember"
          maxElementsInMemory="1000"
          eternal="false"
          timeToIdleSeconds="10"
          timeToLiveSeconds="20"
          overflowToDisk="false"
  />
      
  <cache  name="edu.internet2.middleware.grouper.MembershipFinder.FindImmediateMembershipsOwner"
          maxElementsInMemory="1000"
          eternal="false"
          timeToIdleSeconds="10"
          timeToLiveSeconds="20"
          overflowToDisk="false"
  />
      
  <cache  name="edu.internet2.middleware.grouper.MembershipFinder.FindMembershipByType"
          maxElementsInMemory="1000"
          eternal="false"
          timeToIdleSeconds="10"
          timeToLiveSeconds="20"
          overflowToDisk="false"
  />
      
  <cache  name="edu.internet2.middleware.grouper.MembershipFinder.FindMembershipsByType"
          maxElementsInMemory="1000"
          eternal="false"
          timeToIdleSeconds="10"
          timeToLiveSeconds="20"
          overflowToDisk="false"
  />
      
  <cache  name="edu.internet2.middleware.grouper.MembershipFinder.FindMemberships"
          maxElementsInMemory="1000"
          eternal="false"
          timeToIdleSeconds="10"
          timeToLiveSeconds="20"
          overflowToDisk="false"
  />
      
  <cache  name="edu.internet2.middleware.grouper.MembershipFinder.FindMembershipsOwner"
          maxElementsInMemory="1000"
          eternal="false"
          timeToIdleSeconds="10"
          timeToLiveSeconds="20"
          overflowToDisk="false"
  />
      
  <cache  name="edu.internet2.middleware.grouper.MembershipFinder.FindMembershipsOwnerMember"
          maxElementsInMemory="1000"
          eternal="false"
          timeToIdleSeconds="10"
          timeToLiveSeconds="20"
          overflowToDisk="false"
  />
 
  <cache name="edu.internet2.middleware.grouper.StemFinder.FindByApproximateDisplayExtension"
          maxElementsInMemory="1000"
          eternal="false"
          timeToIdleSeconds="10"
          timeToLiveSeconds="20"
          overflowToDisk="false"
  />
        
  <cache name="edu.internet2.middleware.grouper.StemFinder.FindByApproximateDisplayName"
          maxElementsInMemory="1000"
          eternal="false"
          timeToIdleSeconds="10"
          timeToLiveSeconds="20"
          overflowToDisk="false"
  />
        
  <cache name="edu.internet2.middleware.grouper.StemFinder.FindByApproximateExtension"
          maxElementsInMemory="1000"
          eternal="false"
          timeToIdleSeconds="10"
          timeToLiveSeconds="20"
          overflowToDisk="false"
  />
        
  <cache  name="edu.internet2.middleware.grouper.StemFinder.FindByApproximateName"
          maxElementsInMemory="1000"
          eternal="false"
          timeToIdleSeconds="10"
          timeToLiveSeconds="20"
          overflowToDisk="false"
  />
        
  <cache name="edu.internet2.middleware.grouper.StemFinder.FindByApproximateNameAny"
          maxElementsInMemory="1000"
          eternal="false"
          timeToIdleSeconds="10"
          timeToLiveSeconds="20"
          overflowToDisk="false"
  />
        
  <cache  name="edu.internet2.middleware.grouper.StemFinder.FindByCreatedAfter"
          maxElementsInMemory="1000"
          eternal="false"
          timeToIdleSeconds="10"
          timeToLiveSeconds="20"
          overflowToDisk="false"
  />
        
  <cache  name="edu.internet2.middleware.grouper.StemFinder.FindByCreatedBefore"
          maxElementsInMemory="1000"
          eternal="false"
          timeToIdleSeconds="10"
          timeToLiveSeconds="20"
          overflowToDisk="false"
  />
        
  <cache  name="edu.internet2.middleware.grouper.StemFinder.FindByName"
          maxElementsInMemory="1000"
          eternal="false"
          timeToIdleSeconds="10"
          timeToLiveSeconds="20"
          overflowToDisk="false"
  />
        
  <cache  name="edu.internet2.middleware.grouper.StemFinder.FindByUuid"
          maxElementsInMemory="1000"
          eternal="false"
          timeToIdleSeconds="10"
          timeToLiveSeconds="20"
          overflowToDisk="false"
  />
        

  <!-- Queries -->

<!--
  Hibernate Query Caches
-->

  <cache name="net.sf.hibernate.cache.StandardQueryCache"
    maxElementsInMemory="500"
    eternal="false"
    timeToIdleSeconds="10"
    timeToLiveSeconds="20"
    overflowToDisk="false"
  />

  <cache name="net.sf.hibernate.cache.UpdateTimestampsCache"
    maxElementsInMemory="5000"
    eternal="true"
    overflowToDisk="true"
  />

</ehcache>
